"Component","Version","Latest version","Component type","License","License type","Vulnerability count","Object compilation date","Object","Object full path","Object SHA1","Distribution package","Missing exploit mitigations"
"HdrHistogram","2.1.11","2.1.12","java","BSD","permissive","0","2019-01-17T08:06:30Z","HdrHistogram-2.1.11.jar","webgoat-server-8.1.0.jar:BOOT-INF/lib/HdrHistogram-2.1.11.jar","1b035a1a4ce5d3441a4a1a331d04839ef487ec49","",""
"LatencyUtils","2.0.3","2.0.3","java","Public domain","permissive","0","2015-12-15T12:24:38Z","LatencyUtils-2.0.3.jar","webgoat-server-8.1.0.jar:BOOT-INF/lib/LatencyUtils-2.0.3.jar","769c0b82cb2421c8256300e907298a9410a2a3d3","",""
"activation","1.1.1","2.1.0","java","CDDL","weakcopyleft","0","2007-10-24T11:45:40Z","activation-1.1.1.jar","webgoat-server-8.1.0.jar:BOOT-INF/lib/activation-1.1.1.jar","485de3a253e23f645037828c07f1d7f1af40763a","",""
"activation-api","1.1.1","1.2.0","java","CDDL","weakcopyleft","0","2007-10-24T11:45:40Z","activation-1.1.1.jar","webgoat-server-8.1.0.jar:BOOT-INF/lib/activation-1.1.1.jar","485de3a253e23f645037828c07f1d7f1af40763a","",""
"activation-api","1.2.0","1.2.0","java","CDDL","weakcopyleft","0","2017-09-06T14:23:06Z","javax.activation-api-1.2.0.jar","webgoat-server-8.1.0.jar:BOOT-INF/lib/javax.activation-api-1.2.0.jar","85262acf3ca9816f9537ca47d5adeabaead7cb16","",""
"activation-api","1.2.1","2.1.0","java","CDDL","weakcopyleft","0","2018-11-20T22:08:36Z","jakarta.activation-api-1.2.1.jar","webgoat-server-8.1.0.jar:BOOT-INF/lib/jakarta.activation-api-1.2.1.jar","562a587face36ec7eff2db7f2fc95425c6602bc1","",""
"ant","1.6.2","1.7.0","java","W3C","permissive","1","2004-07-16T09:38:26Z","ant-1.6.2.jar","webgoat-server-8.1.0.jar:BOOT-INF/lib/ant-1.6.2.jar","f43d0b2267d8ac1a86f0e16594d8766f62d8311c","",""
"ant-launcher","1.6.2","1.6.5","java","W3C","permissive","0","2004-07-16T09:38:28Z","ant-launcher-1.6.2.jar","webgoat-server-8.1.0.jar:BOOT-INF/lib/ant-launcher-1.6.2.jar","6259fc1c72d860f047a9389f66496f0dc1dc70f2","",""
"antlr","2.7.7","2.7.7","java","BSD","permissive","0","2006-09-06T11:15:04Z","antlr-2.7.7.jar","webgoat-server-8.1.0.jar:BOOT-INF/lib/antlr-2.7.7.jar","83cd2cd674a217ade95a4bb83a8a14f351f48bd0","",""
"aopalliance","","1.0","java","Public domain","permissive","0","2019-12-03T08:48:48Z","spring-aop-5.2.2.RELEASE.jar","webgoat-server-8.1.0.jar:BOOT-INF/lib/spring-aop-5.2.2.RELEASE.jar:org/aopalliance/intercept","899739cf7f338f6297aa9eb25ea8b16338fe4e6d","",""
"asciidoctor","1.5.8","2.0.17","ruby","MIT","permissive","0","2018-10-30T17:07:56Z","asciidoctor-1.5.8.gemspec","webgoat-server-8.1.0.jar:BOOT-INF/lib/asciidoctorj-1.5.8.1.jar:specifications/asciidoctor-1.5.8.gemspec","7402058814b5ed17cc7c93d026d60b25ce367247","",""
"asciidoctorj","1.5.8.1","2.5.3","java","Apache","permissive","0","2018-10-30T17:07:40Z","asciidoctorj-1.5.8.1.jar","webgoat-server-8.1.0.jar:BOOT-INF/lib/asciidoctorj-1.5.8.1.jar","2998fb617a536f01658740c6e6f54928626e7c3b","",""
"asm","","9.2","java","BSD","permissive","0","1980-02-01T00:00:00Z","aspectjweaver-1.9.5.jar","webgoat-server-8.1.0.jar:BOOT-INF/lib/aspectjweaver-1.9.5.jar:aj/org/objectweb/asm","1740dc9140103b796d1722668805fd4cf852780c","",""
"asm","","9.2","java","BSD","permissive","0","2019-11-28T21:15:36Z","byte-buddy-1.10.4.jar","webgoat-server-8.1.0.jar:BOOT-INF/lib/byte-buddy-1.10.4.jar:net/bytebuddy/jar/asm","e682f5d73de28ac3577aaa71021d355f2ad560f7","",""
"asm","","9.2","java","BSD","permissive","0","2007-10-29T15:24:00Z","cglib-nodep-2.2.jar","webgoat-server-8.1.0.jar:BOOT-INF/lib/cglib-nodep-2.2.jar:net/sf/cglib/asm","59afed7ab65e7ec6585d5bc60556c3cbd203532b","",""
"asm","","9.2","java","BSD","permissive","0","2010-02-10T17:34:58Z","lombok-1.18.4.jar","webgoat-server-8.1.0.jar:BOOT-INF/lib/lombok-1.18.4.jar:org/objectweb/asm","7103ab519b1cdbb0642ad4eaf1db209d905d0f96","",""
"asm","","9.2","java","BSD","permissive","0","2019-08-12T10:29:18Z","spring-core-5.2.2.RELEASE.jar","webgoat-server-8.1.0.jar:BOOT-INF/lib/spring-core-5.2.2.RELEASE.jar:org/springframework/asm","bfcf2f6d0494d89db63ae170b8491223c93a88dc","",""
"asm","5.0.3","9.2","java","BSD","permissive","0","2012-04-07T12:49:08Z","jruby-complete-9.1.17.0.jar","webgoat-server-8.1.0.jar:BOOT-INF/lib/jruby-complete-9.1.17.0.jar:org/jruby/org/objectweb/asm","76716d529710fc03d1d429b43e3cedd4419f78d4","",""
"aspectj","1.9.5","1.9.8","java","EPL","permissive","0","1980-02-01T00:00:00Z","aspectjweaver-1.9.5.jar","webgoat-server-8.1.0.jar:BOOT-INF/lib/aspectjweaver-1.9.5.jar","1740dc9140103b796d1722668805fd4cf852780c","",""
"attoparser","2.0.5.RELEASE","2.0.5","java","Apache","permissive","0","2018-03-30T09:32:04Z","attoparser-2.0.5.RELEASE.jar","webgoat-server-8.1.0.jar:BOOT-INF/lib/attoparser-2.0.5.RELEASE.jar","a93ad36df9560de3a5312c1d14f69d938099fa64","",""
"auth-bypass","8.1.0","","java","unknown","Unknown","0","2020-05-23T12:21:02Z","auth-bypass-8.1.0.jar","webgoat-server-8.1.0.jar:BOOT-INF/lib/auth-bypass-8.1.0.jar","509adba75e50142ab9d2b467a8e5e03d11ecd821","",""
"bouncycastle","1.56","1.70","java","MIT","permissive","2","2016-12-22T12:19:10Z","bcpkix-jdk15on-1.56.jar","webgoat-server-8.1.0.jar:BOOT-INF/lib/jruby-complete-9.1.17.0.jar:META-INF/jruby.home/lib/ruby/stdlib/org/bouncycastle/bcpkix-jdk15on/1.56/bcpkix-jdk15on-1.56.jar","4648af70268b6fdb24674fb1fd7c1fcc73db1231","",""
"bouncycastle","1.56","1.70","java","MIT","permissive","2","2016-12-22T12:18:30Z","bcprov-jdk15on-1.56.jar","webgoat-server-8.1.0.jar:BOOT-INF/lib/jruby-complete-9.1.17.0.jar:META-INF/jruby.home/lib/ruby/stdlib/org/bouncycastle/bcprov-jdk15on/1.56/bcprov-jdk15on-1.56.jar","a153c6f9744a3e9dd6feab5e210e1c9861362ec7","",""
"bypass-restrictions","8.1.0","","java","unknown","Unknown","0","2020-05-23T12:21:02Z","bypass-restrictions-8.1.0.jar","webgoat-server-8.1.0.jar:BOOT-INF/lib/bypass-restrictions-8.1.0.jar","1228b8a0930c91d28dc9af39cfc51fcc86dee49b","",""
"byte-buddy","1.10.4","1.12.8","java","Apache","permissive","0","2019-11-28T21:15:36Z","byte-buddy-1.10.4.jar","webgoat-server-8.1.0.jar:BOOT-INF/lib/byte-buddy-1.10.4.jar","e682f5d73de28ac3577aaa71021d355f2ad560f7","",""
"byte-buddy-dep","1.10.4","1.12.8","java","Apache","permissive","0","2019-11-28T21:15:36Z","byte-buddy-1.10.4.jar","webgoat-server-8.1.0.jar:BOOT-INF/lib/byte-buddy-1.10.4.jar","e682f5d73de28ac3577aaa71021d355f2ad560f7","",""
"bytelist","1.0.15","1.0.15","java","MIT","permissive","0","2012-04-07T12:49:08Z","jruby-complete-9.1.17.0.jar","webgoat-server-8.1.0.jar:BOOT-INF/lib/jruby-complete-9.1.17.0.jar","76716d529710fc03d1d429b43e3cedd4419f78d4","",""
"cglib","","3.3.0","java","Apache","permissive","0","2019-08-12T10:29:18Z","spring-core-5.2.2.RELEASE.jar","webgoat-server-8.1.0.jar:BOOT-INF/lib/spring-core-5.2.2.RELEASE.jar:org/springframework/cglib","bfcf2f6d0494d89db63ae170b8491223c93a88dc","",""
"cglib","2.2","3.3.0","java","Apache","permissive","0","2007-10-29T15:24:00Z","cglib-nodep-2.2.jar","webgoat-server-8.1.0.jar:BOOT-INF/lib/cglib-nodep-2.2.jar:net/sf/cglib","59afed7ab65e7ec6585d5bc60556c3cbd203532b","",""
"cglib-nodep","2.2","3.3.0","java","Apache","permissive","0","2007-10-29T15:24:00Z","cglib-nodep-2.2.jar","webgoat-server-8.1.0.jar:BOOT-INF/lib/cglib-nodep-2.2.jar","59afed7ab65e7ec6585d5bc60556c3cbd203532b","",""
"challenge","8.1.0","","java","unknown","Unknown","0","2020-05-23T12:21:02Z","challenge-8.1.0.jar","webgoat-server-8.1.0.jar:BOOT-INF/lib/challenge-8.1.0.jar","f7ee31a247ade0cc75493fd0a465d75109b572f2","",""
"chrome-dev-tools","8.1.0","","java","unknown","Unknown","0","2020-05-23T12:21:02Z","chrome-dev-tools-8.1.0.jar","webgoat-server-8.1.0.jar:BOOT-INF/lib/chrome-dev-tools-8.1.0.jar","5e0f0f8cfad954d433ced63be88e16d395b1f066","",""
"cia","8.1.0","","java","unknown","Unknown","0","2020-05-23T12:21:02Z","cia-8.1.0.jar","webgoat-server-8.1.0.jar:BOOT-INF/lib/cia-8.1.0.jar","391692e432caf700cbe2c77034809e5c4649d42f","",""
"classmate","1.5.1","1.5.1","java","Apache","permissive","0","2019-10-19T22:46:36Z","classmate-1.5.1.jar","webgoat-server-8.1.0.jar:BOOT-INF/lib/classmate-1.5.1.jar","3fe0bed568c62df5e89f4f174c101eab25345b6c","",""
"client","2.1","2.1","java","BSD","permissive","0","2019-09-10T09:35:42Z","postgresql-42.2.8.jar","webgoat-server-8.1.0.jar:BOOT-INF/lib/postgresql-42.2.8.jar","6f394c7df5600d11b221f356ff020440d2ece44f","",""
"client-side-filtering","8.1.0","","java","unknown","Unknown","0","2020-05-23T12:21:02Z","client-side-filtering-8.1.0.jar","webgoat-server-8.1.0.jar:BOOT-INF/lib/client-side-filtering-8.1.0.jar","84be9171b6ccbee8c3aaa2e1682dc4fc5d7e5cff","",""
"coderay","1.1.0","1.1.3","ruby","MIT","permissive","0","2018-10-30T17:07:56Z","coderay-1.1.0.gemspec","webgoat-server-8.1.0.jar:BOOT-INF/lib/asciidoctorj-1.5.8.1.jar:specifications/coderay-1.1.0.gemspec","197bb3ee209b248ee695cb4dfbcfae7a1e5d5633","",""
"common","2.1","2.1","java","BSD","permissive","0","2019-09-10T09:35:42Z","postgresql-42.2.8.jar","webgoat-server-8.1.0.jar:BOOT-INF/lib/postgresql-42.2.8.jar","6f394c7df5600d11b221f356ff020440d2ece44f","",""
"commons-exec","1.3","1.3","java","Apache","permissive","0","2014-11-02T18:44:16Z","commons-exec-1.3.jar","webgoat-server-8.1.0.jar:BOOT-INF/lib/commons-exec-1.3.jar","8dfb9facd0830a27b1b5f29f84593f0aeee7773b","",""
"commons-lang","2.6","2.6","java","Apache","permissive","0","2011-01-13T23:05:12Z","commons-lang-2.6.jar","webgoat-server-8.1.0.jar:BOOT-INF/lib/commons-lang-2.6.jar","0ce1edb914c94ebc388f086c6827e8bdeec71ac2","",""
"commons-lang3","3.4","3.12.0","java","Apache","permissive","0","2015-04-03T14:28:42Z","commons-lang3-3.4.jar","webgoat-server-8.1.0.jar:BOOT-INF/lib/commons-lang3-3.4.jar","5fe28b9518e58819180a43a850fbc0dd24b7c050","",""
"concurrent-ruby","1.0.5","1.1.9","ruby","MIT","permissive","0","2018-10-30T17:07:56Z","concurrent-ruby-1.0.5-java.gemspec","webgoat-server-8.1.0.jar:BOOT-INF/lib/asciidoctorj-1.5.8.1.jar:specifications/concurrent-ruby-1.0.5-java.gemspec","fb62b19306696d4fc655a5881a115735af5279de","",""
"cross-site-scripting","8.1.0","","java","unknown","Unknown","0","2020-05-23T12:22:16Z","cross-site-scripting-8.1.0.jar","webgoat-server-8.1.0.jar:BOOT-INF/lib/cross-site-scripting-8.1.0.jar","5e54b31422cd57d8e603872f864b903a39728a36","",""
"crypto","8.1.0","","java","unknown","Unknown","0","2020-05-23T12:21:02Z","crypto-8.1.0.jar","webgoat-server-8.1.0.jar:BOOT-INF/lib/crypto-8.1.0.jar","fa4d5eee016395cd2bfd89195297d0d608bb7ab0","",""
"csrf","8.1.0","","java","unknown","Unknown","0","2020-05-23T12:21:02Z","csrf-8.1.0.jar","webgoat-server-8.1.0.jar:BOOT-INF/lib/csrf-8.1.0.jar","3cd13a10dda97144dae166cee7a99e7112aefba4","",""
"did_you_mean","1.0.1","1.6.1","ruby","MIT","permissive","0","2018-04-20T13:25:44Z","did_you_mean-1.0.1.gemspec","webgoat-server-8.1.0.jar:BOOT-INF/lib/jruby-complete-9.1.17.0.jar:META-INF/jruby.home/lib/ruby/gems/shared/specifications/default/did_you_mean-1.0.1.gemspec","19553ae4e0a5c9ce007f49a16c0523d63f9d9b9b","",""
"dirgra","0.3","0.4","java","EPL","permissive","0","2012-04-07T12:49:08Z","jruby-complete-9.1.17.0.jar","webgoat-server-8.1.0.jar:BOOT-INF/lib/jruby-complete-9.1.17.0.jar","76716d529710fc03d1d429b43e3cedd4419f78d4","",""
"dom4j","2.1.1","2.1.3","java","BSD","permissive","1","2018-07-01T16:45:08Z","dom4j-2.1.1.jar","webgoat-server-8.1.0.jar:BOOT-INF/lib/dom4j-2.1.1.jar","3dce5dbb3571aa820c677fadd8349bfa8f00c199","",""
"fastinfoset","1.2.16","2.0.0","java","Apache","permissive","0","2018-12-27T14:32:26Z","FastInfoset-1.2.16.jar","webgoat-server-8.1.0.jar:BOOT-INF/lib/FastInfoset-1.2.16.jar","4eb6a0adad553bf759ffe86927df6f3b848c8bea","",""
"flyway-core","6.0.8","8.5.0","java","Apache","permissive","0","2019-10-30T14:36:22Z","flyway-core-6.0.8.jar","webgoat-server-8.1.0.jar:BOOT-INF/lib/flyway-core-6.0.8.jar","cdb49b2b552337f1c360be68482bb782b08835e4","",""
"haml","4.0.5","5.2.2","ruby","MIT","permissive","1","2018-10-30T17:07:56Z","haml-4.0.5.gemspec","webgoat-server-8.1.0.jar:BOOT-INF/lib/asciidoctorj-1.5.8.1.jar:specifications/haml-4.0.5.gemspec","178017cac81756750148d2e597bcdc1b93270975","",""
"hdrhistogram","2.1.11","6.3.2.1","java","Apache","permissive","0","2019-01-17T08:06:30Z","HdrHistogram-2.1.11.jar","webgoat-server-8.1.0.jar:BOOT-INF/lib/HdrHistogram-2.1.11.jar","1b035a1a4ce5d3441a4a1a331d04839ef487ec49","",""
"hibernate","5.4.9.Final","5.6.5.Final","java","unknown","unknown","0","2019-11-14T14:30:14Z","hibernate-core-5.4.9.Final.jar","webgoat-server-8.1.0.jar:BOOT-INF/lib/hibernate-core-5.4.9.Final.jar","6a7efbbe889e9644b163f5cc03936b7e2b360293","",""
"hibernate-commons-annotations","5.1.0.Final","5.1.2.Final","java","LGPL","weakcopyleft","0","2018-11-08T14:57:54Z","hibernate-commons-annotations-5.1.0.Final.jar","webgoat-server-8.1.0.jar:BOOT-INF/lib/hibernate-commons-annotations-5.1.0.Final.jar","700aeedc4a2089816621948f0379e17cbd17d5db","",""
"hibernate-validator","6.0.18.Final","7.0.2.Final","java","Apache","permissive","1","2019-10-25T08:33:12Z","hibernate-validator-6.0.18.Final.jar","webgoat-server-8.1.0.jar:BOOT-INF/lib/hibernate-validator-6.0.18.Final.jar","7fd00bcd87e14b6ba66279282ef15efa30dd2492","",""
"hsqldb","2.5.0","2.6.1","java","BSD","permissive","0","2019-06-02T20:41:52Z","hsqldb-2.5.0.jar","webgoat-server-8.1.0.jar:BOOT-INF/lib/hsqldb-2.5.0.jar:org/hsqldb/server","59298fcd77faf01e02b405def2f80cccbf582508","",""
"hsqldb-jdbc","2.5.0","2.6.1","java","BSD","permissive","0","2019-06-02T20:41:52Z","hsqldb-2.5.0.jar","webgoat-server-8.1.0.jar:BOOT-INF/lib/hsqldb-2.5.0.jar","59298fcd77faf01e02b405def2f80cccbf582508","",""
"html-tampering","8.1.0","","java","unknown","Unknown","0","2020-05-23T12:21:02Z","html-tampering-8.1.0.jar","webgoat-server-8.1.0.jar:BOOT-INF/lib/html-tampering-8.1.0.jar","ba11b38bcda7f7da647f210196b780b9147dc416","",""
"http-basics","8.1.0","","java","unknown","Unknown","0","2020-05-23T12:21:02Z","http-basics-8.1.0.jar","webgoat-server-8.1.0.jar:BOOT-INF/lib/http-basics-8.1.0.jar","7f6a7a74fbefacbd8ae8a837a2937d14b3e76531","",""
"http-proxies","8.1.0","","java","unknown","Unknown","0","2020-05-23T12:21:02Z","http-proxies-8.1.0.jar","webgoat-server-8.1.0.jar:BOOT-INF/lib/http-proxies-8.1.0.jar","df280c9ec5a588382ecc0432562a4380e0134d73","",""
"idor","8.1.0","1.0","java","Apache","permissive","0","2020-05-23T12:21:02Z","idor-8.1.0.jar","webgoat-server-8.1.0.jar:BOOT-INF/lib/idor-8.1.0.jar","f7168a7dbf8d2e2bfa3bb3dcf54d8d189f2a04ab","",""
"insecure-deserialization","8.1.0","","java","unknown","Unknown","0","2020-05-23T12:21:02Z","insecure-deserialization-8.1.0.jar","webgoat-server-8.1.0.jar:BOOT-INF/lib/insecure-deserialization-8.1.0.jar","482d17b87328ae90338e8dd7dc23252fb426f161","",""
"insecure-login","8.1.0","","java","unknown","Unknown","0","2020-05-23T12:21:02Z","insecure-login-8.1.0.jar","webgoat-server-8.1.0.jar:BOOT-INF/lib/insecure-login-8.1.0.jar","5663867f70958a2ecf362120c2d5e305ee0b7368","",""
"invokebinder","1.10","1.12","java","Apache","permissive","0","2012-04-07T12:49:08Z","jruby-complete-9.1.17.0.jar","webgoat-server-8.1.0.jar:BOOT-INF/lib/jruby-complete-9.1.17.0.jar","76716d529710fc03d1d429b43e3cedd4419f78d4","",""
"istack-commons","3.0.8","4.0.1","java","CDDL+GPL","weakcopyleft","0","2018-12-27T14:43:38Z","istack-commons-runtime-3.0.8.jar","webgoat-server-8.1.0.jar:BOOT-INF/lib/istack-commons-runtime-3.0.8.jar","d6a97364045aa6b99bf2d3c566a3f98599c2d296","",""
"jackson","2.10.1","2.11.4","java","Apache","permissive","0","2019-11-09T23:08:42Z","jackson-core-2.10.1.jar","webgoat-server-8.1.0.jar:BOOT-INF/lib/jackson-core-2.10.1.jar","2c8b5e26ba40e5f91eb37a24075a2028b402c5f9","",""
"jackson-annotations","2.10.1","2.11.4","java","Apache","permissive","0","2019-11-09T22:57:52Z","jackson-annotations-2.10.1.jar","webgoat-server-8.1.0.jar:BOOT-INF/lib/jackson-annotations-2.10.1.jar","54d72475c0d6819f2d0e9a09d25c3ed876a4972f","",""
"jackson-databind","2.10.1","2.11.4","java","Apache","permissive","1","2019-11-09T23:11:56Z","jackson-databind-2.10.1.jar","webgoat-server-8.1.0.jar:BOOT-INF/lib/jackson-databind-2.10.1.jar","18eee15ffc662d27538d5b6ee84e4c92c0a9d03e","",""
"jackson-datatype-jdk8","2.10.1","2.11.4","java","Apache","permissive","0","2019-11-09T23:29:08Z","jackson-datatype-jdk8-2.10.1.jar","webgoat-server-8.1.0.jar:BOOT-INF/lib/jackson-datatype-jdk8-2.10.1.jar","db9247b3eb6f07520ff6ff6d1070439edd6803c3","",""
"jackson-datatype-jsr310","2.10.1","2.11.4","java","Apache","permissive","0","2019-11-09T23:29:08Z","jackson-datatype-jsr310-2.10.1.jar","webgoat-server-8.1.0.jar:BOOT-INF/lib/jackson-datatype-jsr310-2.10.1.jar","52ee272b0181a1c0df5c931235c494b1e0e022d0","",""
"jackson-module-parameter-names","2.10.1","2.11.4","java","Apache","permissive","0","2019-11-09T23:29:08Z","jackson-module-parameter-names-2.10.1.jar","webgoat-server-8.1.0.jar:BOOT-INF/lib/jackson-module-parameter-names-2.10.1.jar","6643b48d7dab2fb8c874526bea13ce4cd1a76cb9","",""
"jakarta.annotation-api","1.3.5","2.0.0","java","EPL","permissive","0","2019-08-02T11:04:14Z","jakarta.annotation-api-1.3.5.jar","webgoat-server-8.1.0.jar:BOOT-INF/lib/jakarta.annotation-api-1.3.5.jar","59eb84ee0d616332ff44aba065f3888cf002cd2d","",""
"jakarta.el","3.0.3","4.0.2","java","EPL-2.0","copyleft","0","2019-08-26T10:58:08Z","jakarta.el-3.0.3.jar","webgoat-server-8.1.0.jar:BOOT-INF/lib/jakarta.el-3.0.3.jar","dab46ee1ee23f7197c13d7c40fce14817c9017df","",""
"jakarta.persistence-api","2.2.3","3.0.0","java","EDL","permissive","0","2019-08-02T16:53:02Z","jakarta.persistence-api-2.2.3.jar","webgoat-server-8.1.0.jar:BOOT-INF/lib/jakarta.persistence-api-2.2.3.jar","8f6ea5daedc614f07a3654a455660145286f024e","",""
"jakarta.servlet-api","4.0.3","5.0.0","java","EPL","permissive","0","2019-08-21T14:44:48Z","jakarta.servlet-api-4.0.3.jar","webgoat-server-8.1.0.jar:BOOT-INF/lib/jakarta.servlet-api-4.0.3.jar","7c810f7bca93d109bac3323286b8e5ec6c394e12","",""
"jakarta.transaction-api","1.3.3","2.0.0","java","EPL","permissive","0","2019-08-02T22:12:06Z","jakarta.transaction-api-1.3.3.jar","webgoat-server-8.1.0.jar:BOOT-INF/lib/jakarta.transaction-api-1.3.3.jar","c4179d48720a1e87202115fbed6089bdc4195405","",""
"jakarta.validation-api","2.0.1","3.0.1","java","Apache","permissive","0","2018-11-21T15:25:58Z","jakarta.validation-api-2.0.1.jar","webgoat-server-8.1.0.jar:BOOT-INF/lib/jakarta.validation-api-2.0.1.jar","5a864a58587cd76243b8ec55dd7115c9eac25c08","",""
"jakarta.xml.bind-api","2.3.2","3.0.1","java","EPL-2.0","copyleft","0","2018-12-27T15:26:22Z","jakarta.xml.bind-api-2.3.2.jar","webgoat-server-8.1.0.jar:BOOT-INF/lib/jakarta.xml.bind-api-2.3.2.jar","8d49996a4338670764d7ca4b85a1c4ccf7fe665d","",""
"jandex","2.1.1.Final","2.4.2.Final","java","Apache","permissive","0","2019-02-22T14:57:34Z","jandex-2.1.1.Final.jar","webgoat-server-8.1.0.jar:BOOT-INF/lib/jandex-2.1.1.Final.jar","c89aa5564fea8b08b9b41f0bbcabb8fed0d89c0d","",""
"jar-dependencies","0.3.12","0.4.1","ruby","MIT","permissive","0","2018-04-20T13:25:44Z","jar-dependencies-0.3.12.gemspec","webgoat-server-8.1.0.jar:BOOT-INF/lib/jruby-complete-9.1.17.0.jar:META-INF/jruby.home/lib/ruby/gems/shared/specifications/default/jar-dependencies-0.3.12.gemspec","94b0067cca45138cb378d37d3a611970f36dcbce","",""
"javassist","3.24.0-GA","3.28.0-GA","java","Apache","permissive","0","2018-11-01T17:16:36Z","javassist-3.24.0-GA.jar","webgoat-server-8.1.0.jar:BOOT-INF/lib/javassist-3.24.0-GA.jar","d7466fc2e3af7c023e95c510f06448ad29b225b3","",""
"jaxb","2.3.2","3.0.2","java","CDDL","weakcopyleft","0","2019-01-02T15:19:42Z","jaxb-runtime-2.3.2.jar","webgoat-server-8.1.0.jar:BOOT-INF/lib/jaxb-runtime-2.3.2.jar:com/sun/xml/bind","5528bc882ea499a09d720b42af11785c4fc6be2a","",""
"jaxb-api","2.3.1","2.3.1","java","BSD","permissive","0","2018-09-12T06:28:30Z","jaxb-api-2.3.1.jar","webgoat-server-8.1.0.jar:BOOT-INF/lib/jaxb-api-2.3.1.jar","8531ad5ac454cc2deb9d4d32c40c4d7451939b5d","",""
"jaxb-runtime","2.3.2","3.0.2","java","EPL-2.0","copyleft","0","2019-01-02T15:19:42Z","jaxb-runtime-2.3.2.jar","webgoat-server-8.1.0.jar:BOOT-INF/lib/jaxb-runtime-2.3.2.jar","5528bc882ea499a09d720b42af11785c4fc6be2a","",""
"jboss-annotations-api_1.2_spec","1.0.2.Final","1.0.2","java","GPL-classpath","permissive","0","2018-01-17T13:26:32Z","jboss-annotations-api_1.2_spec-1.0.2.Final.jar","webgoat-server-8.1.0.jar:BOOT-INF/lib/jboss-annotations-api_1.2_spec-1.0.2.Final.jar","0d6b20c0e95c5b38f313cc2ab1a55560cedabe1f","",""
"jboss-logging","3.4.1.Final","3.4.3.Final","java","Apache","permissive","0","2019-08-07T08:08:16Z","jboss-logging-3.4.1.Final.jar","webgoat-server-8.1.0.jar:BOOT-INF/lib/jboss-logging-3.4.1.Final.jar","40fd4d696c55793e996d1ff3c475833f836c2498","",""
"jboss-websocket-api_1.1_spec","1.1.4.Final","2.0.0","java","EPL-2.0","copyleft","0","2019-05-23T23:29:52Z","jboss-websocket-api_1.1_spec-1.1.4.Final.jar","webgoat-server-8.1.0.jar:BOOT-INF/lib/jboss-websocket-api_1.1_spec-1.1.4.Final.jar","1b2cbb00b4dd2f4655eadd8c8346231282578563","",""
"jcodings","1.0.27","1.0.55","java","MIT","permissive","0","2012-04-07T12:49:08Z","jruby-complete-9.1.17.0.jar","webgoat-server-8.1.0.jar:BOOT-INF/lib/jruby-complete-9.1.17.0.jar","76716d529710fc03d1d429b43e3cedd4419f78d4","",""
"jcommander","1.35","1.82","java","Apache","permissive","0","2014-02-22T09:29:56Z","jcommander-1.35.jar","webgoat-server-8.1.0.jar:BOOT-INF/lib/jcommander-1.35.jar","47592e181b0bdbbeb63029e08c5e74f6803c4edd","",""
"jffi","1.2.16","1.3.9","java","Apache","permissive","0","2012-04-07T12:49:08Z","jruby-complete-9.1.17.0.jar","webgoat-server-8.1.0.jar:BOOT-INF/lib/jruby-complete-9.1.17.0.jar:com/kenai/jffi","76716d529710fc03d1d429b43e3cedd4419f78d4","",""
"jitescript","0.4.1","0.4.3","java","Apache","permissive","0","2012-04-07T12:49:08Z","jruby-complete-9.1.17.0.jar","webgoat-server-8.1.0.jar:BOOT-INF/lib/jruby-complete-9.1.17.0.jar","76716d529710fc03d1d429b43e3cedd4419f78d4","",""
"jjwt","0.7.0","0.9.1","java","Apache","permissive","0","2016-09-12T17:37:24Z","jjwt-0.7.0.jar","webgoat-server-8.1.0.jar:BOOT-INF/lib/jjwt-0.7.0.jar","f042fe2676bfdc2091545152e47d77e11999946d","",""
"jline","2.11","2.14.6","java","BSD","permissive","0","2013-05-19T12:00:52Z","jline-2.11.jar","webgoat-server-8.1.0.jar:BOOT-INF/lib/jruby-complete-9.1.17.0.jar:META-INF/jruby.home/lib/ruby/stdlib/jline/jline/2.11/jline-2.11.jar","9504d5e2da5d78237239c5226e8200ec21182040","",""
"jnr-constants","0.9.9","0.10.3","java","Apache","permissive","0","2012-04-07T12:49:08Z","jruby-complete-9.1.17.0.jar","webgoat-server-8.1.0.jar:BOOT-INF/lib/jruby-complete-9.1.17.0.jar","76716d529710fc03d1d429b43e3cedd4419f78d4","",""
"jnr-enxio","0.16","0.32.13","java","Apache","permissive","0","2012-04-07T12:49:08Z","jruby-complete-9.1.17.0.jar","webgoat-server-8.1.0.jar:BOOT-INF/lib/jruby-complete-9.1.17.0.jar","76716d529710fc03d1d429b43e3cedd4419f78d4","",""
"jnr-ffi","2.1.7","2.2.11","java","Apache","permissive","0","2012-04-07T12:49:08Z","jruby-complete-9.1.17.0.jar","webgoat-server-8.1.0.jar:BOOT-INF/lib/jruby-complete-9.1.17.0.jar","76716d529710fc03d1d429b43e3cedd4419f78d4","",""
"jnr-netdb","1.1.6","1.2.0","java","Apache","permissive","0","2012-04-07T12:49:08Z","jruby-complete-9.1.17.0.jar","webgoat-server-8.1.0.jar:BOOT-INF/lib/jruby-complete-9.1.17.0.jar","76716d529710fc03d1d429b43e3cedd4419f78d4","",""
"jnr-posix","3.0.44","3.1.15","java","LGPL","weakcopyleft","0","2012-04-07T12:49:08Z","jruby-complete-9.1.17.0.jar","webgoat-server-8.1.0.jar:BOOT-INF/lib/jruby-complete-9.1.17.0.jar","76716d529710fc03d1d429b43e3cedd4419f78d4","",""
"jnr-unixsocket","0.17","0.38.17","java","Apache","permissive","0","2012-04-07T12:49:08Z","jruby-complete-9.1.17.0.jar","webgoat-server-8.1.0.jar:BOOT-INF/lib/jruby-complete-9.1.17.0.jar","76716d529710fc03d1d429b43e3cedd4419f78d4","",""
"jnr-x86asm","1.0.2","1.0.2","java","MIT","permissive","0","2012-04-07T12:49:08Z","jruby-complete-9.1.17.0.jar","webgoat-server-8.1.0.jar:BOOT-INF/lib/jruby-complete-9.1.17.0.jar","76716d529710fc03d1d429b43e3cedd4419f78d4","",""
"joda-time","2.8.2","2.10.13","java","Apache","permissive","0","2012-04-07T12:49:08Z","jruby-complete-9.1.17.0.jar","webgoat-server-8.1.0.jar:BOOT-INF/lib/jruby-complete-9.1.17.0.jar:org/joda/time","76716d529710fc03d1d429b43e3cedd4419f78d4","",""
"joni","2.1.15","2.1.41","java","MIT","permissive","0","2012-04-07T12:49:08Z","jruby-complete-9.1.17.0.jar","webgoat-server-8.1.0.jar:BOOT-INF/lib/jruby-complete-9.1.17.0.jar","76716d529710fc03d1d429b43e3cedd4419f78d4","",""
"jruby","9.1.17.0","9.3.3.0","java","EPL","permissive","0","2012-04-07T12:49:08Z","jruby-complete-9.1.17.0.jar","webgoat-server-8.1.0.jar:BOOT-INF/lib/jruby-complete-9.1.17.0.jar","76716d529710fc03d1d429b43e3cedd4419f78d4","",""
"jruby-complete","9.1.17.0","9.3.3.0","java","unknown","unknown","0","2012-04-07T12:49:08Z","jruby-complete-9.1.17.0.jar","webgoat-server-8.1.0.jar:BOOT-INF/lib/jruby-complete-9.1.17.0.jar","76716d529710fc03d1d429b43e3cedd4419f78d4","",""
"jruby-openssl","0.9.21","","java","unknown","Unknown","0","2017-07-28T13:15:18Z","jopenssl.jar","webgoat-server-8.1.0.jar:BOOT-INF/lib/jruby-complete-9.1.17.0.jar:META-INF/jruby.home/lib/ruby/stdlib/jopenssl.jar","0c169bfb40c852e4b6d6d0d83f45434e5802db8d","",""
"jruby-readline","1.2.2","","java","unknown","Unknown","0","2017-12-04T18:22:44Z","readline.jar","webgoat-server-8.1.0.jar:BOOT-INF/lib/jruby-complete-9.1.17.0.jar:META-INF/jruby.home/lib/ruby/stdlib/readline.jar","d150d76bfd67cad203f00166725f493ee8dd8da9","",""
"jruby-stdlib","9.1.17.0","9.3.3.0","java","unknown","unknown","0","2012-04-07T12:49:08Z","jruby-complete-9.1.17.0.jar","webgoat-server-8.1.0.jar:BOOT-INF/lib/jruby-complete-9.1.17.0.jar","76716d529710fc03d1d429b43e3cedd4419f78d4","",""
"json","1.8.3","2.5.1","ruby","unknown","unknown","1","2018-04-20T13:25:44Z","json-1.8.3-java.gemspec","webgoat-server-8.1.0.jar:BOOT-INF/lib/jruby-complete-9.1.17.0.jar:META-INF/jruby.home/lib/ruby/gems/shared/specifications/default/json-1.8.3-java.gemspec","8dde7c89babce61ebe8abaa6fda0474064f39acd","",""
"jsoup","1.11.3","1.14.3","java","MIT","permissive","1","2018-04-15T15:20:28Z","jsoup-1.11.3.jar","webgoat-server-8.1.0.jar:BOOT-INF/lib/jsoup-1.11.3.jar","36da09a8f68484523fa2aaa100399d612b247d67","",""
"jul-to-slf4j","1.7.29","1.7.36","java","unknown","unknown","0","2019-10-31T13:10:20Z","jul-to-slf4j-1.7.29.jar","webgoat-server-8.1.0.jar:BOOT-INF/lib/jul-to-slf4j-1.7.29.jar","f58dd9d8c15a1141a48de53d2d6b723ae6cf18d6","",""
"jwt","8.1.0","","java","unknown","Unknown","0","2020-05-23T12:21:02Z","jwt-8.1.0.jar","webgoat-server-8.1.0.jar:BOOT-INF/lib/jwt-8.1.0.jar","f8958ac744aa17bb0fd560a03cdc5377b36b98b9","",""
"jzlib","1.1.3","1.1.3","java","BSD","permissive","0","2012-04-07T12:49:08Z","jruby-complete-9.1.17.0.jar","webgoat-server-8.1.0.jar:BOOT-INF/lib/jruby-complete-9.1.17.0.jar:com/jcraft/jzlib","76716d529710fc03d1d429b43e3cedd4419f78d4","",""
"latencyutils","2.0.3","","java","unknown","Unknown","0","2015-12-15T12:24:38Z","LatencyUtils-2.0.3.jar","webgoat-server-8.1.0.jar:BOOT-INF/lib/LatencyUtils-2.0.3.jar","769c0b82cb2421c8256300e907298a9410a2a3d3","",""
"log4j-api","2.12.1","2.17.1","java","Apache","permissive","0","2019-08-06T20:42:52Z","log4j-api-2.12.1.jar","webgoat-server-8.1.0.jar:BOOT-INF/lib/log4j-api-2.12.1.jar","a55e6d987f50a515c9260b0451b4fa217dc539cb","",""
"log4j-to-slf4j","2.12.1","2.17.1","java","Apache","permissive","0","2019-08-06T20:42:58Z","log4j-to-slf4j-2.12.1.jar","webgoat-server-8.1.0.jar:BOOT-INF/lib/log4j-to-slf4j-2.12.1.jar","dfb42ea8ce1a399bcf7218efe8115a0b7ab3788a","",""
"logback","1.2.3","1.2.10","java","EPL","permissive","1","2017-03-31T20:15:22Z","logback-classic-1.2.3.jar","webgoat-server-8.1.0.jar:BOOT-INF/lib/logback-classic-1.2.3.jar","7c4f3c474fb2c041d8028740440937705ebb473a","",""
"logback","1.2.3","1.2.10","java","EPL","permissive","1","2017-03-31T20:15:22Z","logback-core-1.2.3.jar","webgoat-server-8.1.0.jar:BOOT-INF/lib/logback-core-1.2.3.jar","864344400c3d4d92dfeb0a305dc87d953677c03c","",""
"lombok","1.18.4","1.18.22","java","MIT","permissive","0","2010-02-10T17:34:58Z","lombok-1.18.4.jar","webgoat-server-8.1.0.jar:BOOT-INF/lib/lombok-1.18.4.jar","7103ab519b1cdbb0642ad4eaf1db209d905d0f96","",""
"micrometer-core","1.3.1","1.8.2","java","Apache","permissive","0","2019-08-02T21:08:40Z","micrometer-core-1.3.1.jar","webgoat-server-8.1.0.jar:BOOT-INF/lib/micrometer-core-1.3.1.jar","963bca3d978690d8202c2ad762165c8610ccc169","",""
"minitest","5.4.1","5.15.0","ruby","MIT","permissive","0","2018-04-20T13:25:44Z","minitest-5.4.1.gemspec","webgoat-server-8.1.0.jar:BOOT-INF/lib/jruby-complete-9.1.17.0.jar:META-INF/jruby.home/lib/ruby/gems/shared/specifications/default/minitest-5.4.1.gemspec","110afa525a0deec19e9da2bdadfe8d9d4a67dcc7","",""
"missing-function-ac","8.1.0","","java","unknown","Unknown","0","2020-05-23T12:21:02Z","missing-function-ac-8.1.0.jar","webgoat-server-8.1.0.jar:BOOT-INF/lib/missing-function-ac-8.1.0.jar","334988ccd8d6e4b3ad6395a7ab5936a4729744a6","",""
"modulator","1.0","1.2","java","Apache","permissive","0","2012-04-07T12:49:08Z","jruby-complete-9.1.17.0.jar","webgoat-server-8.1.0.jar:BOOT-INF/lib/jruby-complete-9.1.17.0.jar","76716d529710fc03d1d429b43e3cedd4419f78d4","",""
"nailgun-server","0.9.1","0.9.1","java","Apache","permissive","0","2012-04-07T12:49:08Z","jruby-complete-9.1.17.0.jar","webgoat-server-8.1.0.jar:BOOT-INF/lib/jruby-complete-9.1.17.0.jar","76716d529710fc03d1d429b43e3cedd4419f78d4","",""
"objenesis","","3.2","java","Apache","permissive","0","2019-08-12T10:29:18Z","spring-core-5.2.2.RELEASE.jar","webgoat-server-8.1.0.jar:BOOT-INF/lib/spring-core-5.2.2.RELEASE.jar:org/springframework/objenesis","bfcf2f6d0494d89db63ae170b8491223c93a88dc","",""
"options","1.4","1.7","java","Apache","permissive","0","2012-04-07T12:49:08Z","jruby-complete-9.1.17.0.jar","webgoat-server-8.1.0.jar:BOOT-INF/lib/jruby-complete-9.1.17.0.jar","76716d529710fc03d1d429b43e3cedd4419f78d4","",""
"password-reset","8.1.0","","java","unknown","Unknown","0","2020-05-23T12:21:02Z","password-reset-8.1.0.jar","webgoat-server-8.1.0.jar:BOOT-INF/lib/password-reset-8.1.0.jar","530ba191aa551e1d63282b78f97715895e11987e","",""
"path-traversal","8.1.0","","java","unknown","Unknown","0","2020-05-23T12:21:02Z","path-traversal-8.1.0.jar","webgoat-server-8.1.0.jar:BOOT-INF/lib/path-traversal-8.1.0.jar","f026ff545bf75e6fa8102ec96792ca208677d986","",""
"pcollections","3.1.0","3.1.4","java","MIT","permissive","0","2019-08-02T21:08:40Z","micrometer-core-1.3.1.jar","webgoat-server-8.1.0.jar:BOOT-INF/lib/micrometer-core-1.3.1.jar","963bca3d978690d8202c2ad762165c8610ccc169","",""
"postgresql","42.2.8","42.3.2","java","BSD","permissive","0","2019-09-10T09:35:42Z","postgresql-42.2.8.jar","webgoat-server-8.1.0.jar:BOOT-INF/lib/postgresql-42.2.8.jar","6f394c7df5600d11b221f356ff020440d2ece44f","",""
"postgresql-jdbc","42.2.8","9.1-901.jdbc4","java","PostgreSQL","permissive","0","2019-09-10T09:35:42Z","postgresql-42.2.8.jar","webgoat-server-8.1.0.jar:BOOT-INF/lib/postgresql-42.2.8.jar:org/postgresql","6f394c7df5600d11b221f356ff020440d2ece44f","",""
"power_assert","0.2.3","2.0.1","ruby","unknown","unknown","0","2018-04-20T13:25:44Z","power_assert-0.2.3.gemspec","webgoat-server-8.1.0.jar:BOOT-INF/lib/jruby-complete-9.1.17.0.jar:META-INF/jruby.home/lib/ruby/gems/shared/specifications/default/power_assert-0.2.3.gemspec","48d5f9b87c6b7e8f59fac1e9ee79af92e9accc9f","",""
"psych","2.2.4","4.0.3","ruby","MIT","permissive","0","2018-04-20T13:25:44Z","psych-2.2.4-java.gemspec","webgoat-server-8.1.0.jar:BOOT-INF/lib/jruby-complete-9.1.17.0.jar:META-INF/jruby.home/lib/ruby/gems/shared/specifications/default/psych-2.2.4-java.gemspec","0e0ef6616194b9647afa58e8a6f8f4f6403c70ef","",""
"rafmain.jar","","","java","GPL","copyleft","0","2004-07-16T09:38:26Z","ant-1.6.2.jar","webgoat-server-8.1.0.jar:BOOT-INF/lib/ant-1.6.2.jar:org/apache/tools","f43d0b2267d8ac1a86f0e16594d8766f62d8311c","",""
"rafmain.jar","","","java","GPL","copyleft","0","2019-02-22T14:57:34Z","jandex-2.1.1.Final.jar","webgoat-server-8.1.0.jar:BOOT-INF/lib/jandex-2.1.1.Final.jar:org/jboss/jandex","c89aa5564fea8b08b9b41f0bbcabb8fed0d89c0d","",""
"rafmain.jar","","","java","GPL","copyleft","0","2012-04-07T12:49:08Z","jruby-complete-9.1.17.0.jar","webgoat-server-8.1.0.jar:BOOT-INF/lib/jruby-complete-9.1.17.0.jar","76716d529710fc03d1d429b43e3cedd4419f78d4","",""
"rafmain.jar","","","java","GPL","copyleft","0","2010-02-10T17:34:58Z","lombok-1.18.4.jar","webgoat-server-8.1.0.jar:BOOT-INF/lib/lombok-1.18.4.jar","7103ab519b1cdbb0642ad4eaf1db209d905d0f96","",""
"rake","10.4.2","13.0.6","ruby","MIT","permissive","1","2018-04-20T13:25:44Z","rake-10.4.2.gemspec","webgoat-server-8.1.0.jar:BOOT-INF/lib/jruby-complete-9.1.17.0.jar:META-INF/jruby.home/lib/ruby/gems/shared/specifications/default/rake-10.4.2.gemspec","ed578816e88145f23d6112df5e7a995f9ee872c7","",""
"rdoc","4.2.0","6.4.0","ruby","unknown","unknown","0","2018-04-20T13:25:44Z","rdoc-4.2.0.gemspec","webgoat-server-8.1.0.jar:BOOT-INF/lib/jruby-complete-9.1.17.0.jar:META-INF/jruby.home/lib/ruby/gems/shared/specifications/default/rdoc-4.2.0.gemspec","2218e7d7b599ff9a9aaa6638bd2a4e8630de8274","",""
"readline","","2.2","java","Apache","permissive","0","2017-12-04T18:22:44Z","readline.jar","webgoat-server-8.1.0.jar:BOOT-INF/lib/jruby-complete-9.1.17.0.jar:META-INF/jruby.home/lib/ruby/stdlib/readline.jar","d150d76bfd67cad203f00166725f493ee8dd8da9","",""
"saslprep","1.1","2.0","java","BSD","permissive","0","2019-09-10T09:35:42Z","postgresql-42.2.8.jar","webgoat-server-8.1.0.jar:BOOT-INF/lib/postgresql-42.2.8.jar","6f394c7df5600d11b221f356ff020440d2ece44f","",""
"secure-passwords","8.1.0","","java","unknown","Unknown","0","2020-05-23T12:21:02Z","secure-passwords-8.1.0.jar","webgoat-server-8.1.0.jar:BOOT-INF/lib/secure-passwords-8.1.0.jar","565f0a782b24661b64d6db352f9d3270663997d4","",""
"servlet-api","4.0.3","4.0.1","java","CDDL","weakcopyleft","0","2019-08-21T14:44:48Z","jakarta.servlet-api-4.0.3.jar","webgoat-server-8.1.0.jar:BOOT-INF/lib/jakarta.servlet-api-4.0.3.jar:javax/servlet","7c810f7bca93d109bac3323286b8e5ec6c394e12","",""
"slf4j","1.7.29","1.7.36","java","MIT","permissive","0","2019-10-31T13:10:20Z","slf4j-api-1.7.29.jar","webgoat-server-8.1.0.jar:BOOT-INF/lib/slf4j-api-1.7.29.jar","e56bf4473a4c6b71c7dd397a833dce86d1993d9d","",""
"slf4j-log4j12","","1.7.36","java","MIT","permissive","0","2017-03-31T20:15:22Z","logback-classic-1.2.3.jar","webgoat-server-8.1.0.jar:BOOT-INF/lib/logback-classic-1.2.3.jar:org/slf4j/impl","7c4f3c474fb2c041d8028740440937705ebb473a","",""
"slim","3.0.6","4.1.0","ruby","MIT","permissive","0","2018-10-30T17:07:56Z","slim-3.0.6.gemspec","webgoat-server-8.1.0.jar:BOOT-INF/lib/asciidoctorj-1.5.8.1.jar:specifications/slim-3.0.6.gemspec","3d1129b8e8d978c9124c36b3dae22bc8440b592a","",""
"snakeyaml","1.18","1.30","java","Apache","permissive","1","2017-02-22T13:16:54Z","snakeyaml-1.18.jar","webgoat-server-8.1.0.jar:BOOT-INF/lib/jruby-complete-9.1.17.0.jar:META-INF/jruby.home/lib/ruby/stdlib/org/yaml/snakeyaml/1.18/snakeyaml-1.18.jar","e4a441249ade301985cb8d009d4e4a72b85bf68e","",""
"snakeyaml","1.25","1.30","java","Apache","permissive","1","2019-08-13T19:17:20Z","snakeyaml-1.25.jar","webgoat-server-8.1.0.jar:BOOT-INF/lib/snakeyaml-1.25.jar","8b6e01ef661d8378ae6dd7b511a7f2a33fae1421","",""
"spring-aop","5.2.2.RELEASE","5.2.19.RELEASE","java","Apache","permissive","0","2019-12-03T08:48:48Z","spring-aop-5.2.2.RELEASE.jar","webgoat-server-8.1.0.jar:BOOT-INF/lib/spring-aop-5.2.2.RELEASE.jar","899739cf7f338f6297aa9eb25ea8b16338fe4e6d","",""
"spring-aspects","5.2.2.RELEASE","5.2.19.RELEASE","java","Apache","permissive","0","2019-12-03T08:49:32Z","spring-aspects-5.2.2.RELEASE.jar","webgoat-server-8.1.0.jar:BOOT-INF/lib/spring-aspects-5.2.2.RELEASE.jar","a7fc38ee5fcc7efff607cc93b5fa7259c0fbb4da","",""
"spring-beans","5.2.2.RELEASE","5.2.19.RELEASE","java","Apache","permissive","0","2019-12-03T08:48:42Z","spring-beans-5.2.2.RELEASE.jar","webgoat-server-8.1.0.jar:BOOT-INF/lib/spring-beans-5.2.2.RELEASE.jar","81e4d9cc2e8fac88ab4eb7325c4521bd07c6389c","",""
"spring-boot","2.2.2.RELEASE","2.2.13.RELEASE","java","Apache","permissive","0","2019-12-06T05:58:34Z","spring-boot-2.2.2.RELEASE.jar","webgoat-server-8.1.0.jar:BOOT-INF/lib/spring-boot-2.2.2.RELEASE.jar","cc636f24a5ebbfb21f1c8c30ed9c3b13512c16ec","",""
"spring-boot-actuator","2.2.2.RELEASE","2.2.13.RELEASE","java","Apache","permissive","0","2019-12-06T06:10:14Z","spring-boot-actuator-2.2.2.RELEASE.jar","webgoat-server-8.1.0.jar:BOOT-INF/lib/spring-boot-actuator-2.2.2.RELEASE.jar","8046ac16d5356874a9d64bc40ecd3f58b346b63d","",""
"spring-boot-actuator-autoconfigure","2.2.2.RELEASE","2.2.13.RELEASE","java","Apache","permissive","0","2019-12-06T06:11:58Z","spring-boot-actuator-autoconfigure-2.2.2.RELEASE.jar","webgoat-server-8.1.0.jar:BOOT-INF/lib/spring-boot-actuator-autoconfigure-2.2.2.RELEASE.jar","eaabf82f2033353fc97804792195eb42d82b56e3","",""
"spring-boot-autoconfigure","2.2.2.RELEASE","2.2.13.RELEASE","java","Apache","permissive","0","2019-12-06T06:03:02Z","spring-boot-autoconfigure-2.2.2.RELEASE.jar","webgoat-server-8.1.0.jar:BOOT-INF/lib/spring-boot-autoconfigure-2.2.2.RELEASE.jar","2e7876e237097d36bfffd5ce3416930f6d6b579c","",""
"spring-boot-starter","2.2.2.RELEASE","2.2.13.RELEASE","java","Apache","permissive","0","2019-12-06T06:34:26Z","spring-boot-starter-2.2.2.RELEASE.jar","webgoat-server-8.1.0.jar:BOOT-INF/lib/spring-boot-starter-2.2.2.RELEASE.jar","1f8bb1e33a900c95dc31011e0998b70929d05a68","",""
"spring-boot-starter-actuator","2.2.2.RELEASE","2.2.13.RELEASE","java","Apache","permissive","0","2019-12-06T06:34:54Z","spring-boot-starter-actuator-2.2.2.RELEASE.jar","webgoat-server-8.1.0.jar:BOOT-INF/lib/spring-boot-starter-actuator-2.2.2.RELEASE.jar","e7ad304a1471ba4bbea2c84c41e912cf7113da8e","",""
"spring-boot-starter-aop","2.2.2.RELEASE","2.2.13.RELEASE","java","Apache","permissive","0","2019-12-06T06:34:28Z","spring-boot-starter-aop-2.2.2.RELEASE.jar","webgoat-server-8.1.0.jar:BOOT-INF/lib/spring-boot-starter-aop-2.2.2.RELEASE.jar","f3c7529b69898084018e69e101ebc108237b1cce","",""
"spring-boot-starter-data-jpa","2.2.2.RELEASE","2.2.13.RELEASE","java","Apache","permissive","0","2019-12-06T06:34:40Z","spring-boot-starter-data-jpa-2.2.2.RELEASE.jar","webgoat-server-8.1.0.jar:BOOT-INF/lib/spring-boot-starter-data-jpa-2.2.2.RELEASE.jar","70fca038c1bbb1e9d0d6bedd1035f091ad024a7e","",""
"spring-boot-starter-jdbc","2.2.2.RELEASE","2.2.13.RELEASE","java","Apache","permissive","0","2019-12-06T06:34:30Z","spring-boot-starter-jdbc-2.2.2.RELEASE.jar","webgoat-server-8.1.0.jar:BOOT-INF/lib/spring-boot-starter-jdbc-2.2.2.RELEASE.jar","62cbc3b594bd82e035bdcd6f93250f4826d407b6","",""
"spring-boot-starter-json","2.2.2.RELEASE","2.2.13.RELEASE","java","Apache","permissive","0","2019-12-06T06:34:44Z","spring-boot-starter-json-2.2.2.RELEASE.jar","webgoat-server-8.1.0.jar:BOOT-INF/lib/spring-boot-starter-json-2.2.2.RELEASE.jar","7ef93e43938abf3064cce9b7317bdb8278060437","",""
"spring-boot-starter-logging","2.2.2.RELEASE","2.2.13.RELEASE","java","Apache","permissive","0","2019-12-06T06:34:26Z","spring-boot-starter-logging-2.2.2.RELEASE.jar","webgoat-server-8.1.0.jar:BOOT-INF/lib/spring-boot-starter-logging-2.2.2.RELEASE.jar","dd6b1771f1b3288b332cd41705aadcb2aebda221","",""
"spring-boot-starter-security","2.2.2.RELEASE","2.2.13.RELEASE","java","Apache","permissive","0","2019-12-06T06:35:00Z","spring-boot-starter-security-2.2.2.RELEASE.jar","webgoat-server-8.1.0.jar:BOOT-INF/lib/spring-boot-starter-security-2.2.2.RELEASE.jar","4644039ba9ff9e74b41d92a715d7e7640ba0e7f5","",""
"spring-boot-starter-thymeleaf","2.2.2.RELEASE","2.2.13.RELEASE","java","Apache","permissive","0","2019-12-06T06:35:02Z","spring-boot-starter-thymeleaf-2.2.2.RELEASE.jar","webgoat-server-8.1.0.jar:BOOT-INF/lib/spring-boot-starter-thymeleaf-2.2.2.RELEASE.jar","fb3920ecfaeaed5190e4cd89441fced220f53507","",""
"spring-boot-starter-undertow","2.2.2.RELEASE","2.2.13.RELEASE","java","Apache","permissive","0","2019-12-06T06:35:02Z","spring-boot-starter-undertow-2.2.2.RELEASE.jar","webgoat-server-8.1.0.jar:BOOT-INF/lib/spring-boot-starter-undertow-2.2.2.RELEASE.jar","e2495ca2657e58715ce2fe76ed330e39daf74ea1","",""
"spring-boot-starter-validation","2.2.2.RELEASE","2.2.13.RELEASE","java","Apache","permissive","0","2019-12-06T06:34:44Z","spring-boot-starter-validation-2.2.2.RELEASE.jar","webgoat-server-8.1.0.jar:BOOT-INF/lib/spring-boot-starter-validation-2.2.2.RELEASE.jar","ef3ac3571ae518f22117e8bce826970b358f3cdf","",""
"spring-boot-starter-web","2.2.2.RELEASE","2.2.13.RELEASE","java","Apache","permissive","0","2019-12-06T06:34:46Z","spring-boot-starter-web-2.2.2.RELEASE.jar","webgoat-server-8.1.0.jar:BOOT-INF/lib/spring-boot-starter-web-2.2.2.RELEASE.jar","3e15f18a4dafd499b900082f3cc25bb11ea91821","",""
"spring-context","5.2.2.RELEASE","5.2.19.RELEASE","java","Apache","permissive","0","2019-12-03T08:48:58Z","spring-context-5.2.2.RELEASE.jar","webgoat-server-8.1.0.jar:BOOT-INF/lib/spring-context-5.2.2.RELEASE.jar:org/springframework","a77a18fa425eba9c55447fa0711e2dbfbf71907b","",""
"spring-data-commons","2.2.3.RELEASE","2.6.1","java","Apache","permissive","0","2019-12-04T14:11:58Z","spring-data-commons-2.2.3.RELEASE.jar","webgoat-server-8.1.0.jar:BOOT-INF/lib/spring-data-commons-2.2.3.RELEASE.jar","574349bf76bb4a85033e526efa0315ca9933fa83","",""
"spring-data-jpa","2.2.3.RELEASE","2.6.1","java","Apache","permissive","0","2019-12-04T14:12:04Z","spring-data-jpa-2.2.3.RELEASE.jar","webgoat-server-8.1.0.jar:BOOT-INF/lib/spring-data-jpa-2.2.3.RELEASE.jar","9ddf7702fdc9c15e266bd2d20deeb20b6680d7d4","",""
"spring-expression","5.2.2.RELEASE","5.2.19.RELEASE","java","Apache","permissive","0","2019-12-03T08:48:38Z","spring-expression-5.2.2.RELEASE.jar","webgoat-server-8.1.0.jar:BOOT-INF/lib/spring-expression-5.2.2.RELEASE.jar","eb93bc4d4eb8e0bee60ea910e0fd615869336643","",""
"spring-jcl","5.2.2.RELEASE","5.2.19.RELEASE","java","Apache","permissive","0","2019-12-03T08:48:28Z","spring-jcl-5.2.2.RELEASE.jar","webgoat-server-8.1.0.jar:BOOT-INF/lib/spring-jcl-5.2.2.RELEASE.jar","35efd564bf664c0bf53bd336b583391a7f872da7","",""
"spring-jdbc","5.2.2.RELEASE","5.2.19.RELEASE","java","Apache","permissive","0","2019-12-03T08:49:14Z","spring-jdbc-5.2.2.RELEASE.jar","webgoat-server-8.1.0.jar:BOOT-INF/lib/spring-jdbc-5.2.2.RELEASE.jar","6f0070f04c60f77d0048dc5521f8aafd5a86e87e","",""
"spring-orm","5.2.2.RELEASE","5.2.19.RELEASE","java","Apache","permissive","0","2019-12-03T08:49:16Z","spring-orm-5.2.2.RELEASE.jar","webgoat-server-8.1.0.jar:BOOT-INF/lib/spring-orm-5.2.2.RELEASE.jar","1b17c9e69d92e54439a092d6943e956f80392f43","",""
"spring-security-config","5.2.1.RELEASE","5.6.1","java","Apache","permissive","0","2019-11-04T19:27:32Z","spring-security-config-5.2.1.RELEASE.jar","webgoat-server-8.1.0.jar:BOOT-INF/lib/spring-security-config-5.2.1.RELEASE.jar","8f49e12035d0357b5f35e254334ea06d4585cf01","",""
"spring-security-core","5.2.1.RELEASE","5.6.1","java","Apache","permissive","4","2019-11-04T19:26:22Z","spring-security-core-5.2.1.RELEASE.jar","webgoat-server-8.1.0.jar:BOOT-INF/lib/spring-security-core-5.2.1.RELEASE.jar","f1265ecdd4636a2038768c2ab9da4b79961a3465","",""
"spring-security-web","5.2.1.RELEASE","5.6.1","java","Apache","permissive","4","2019-11-04T19:27:10Z","spring-security-web-5.2.1.RELEASE.jar","webgoat-server-8.1.0.jar:BOOT-INF/lib/spring-security-web-5.2.1.RELEASE.jar","9e43c2d8d2dffc60bfba8ac95a106d30e9593106","",""
"spring-tx","5.2.2.RELEASE","5.2.19.RELEASE","java","Apache","permissive","0","2019-12-03T08:49:12Z","spring-tx-5.2.2.RELEASE.jar","webgoat-server-8.1.0.jar:BOOT-INF/lib/spring-tx-5.2.2.RELEASE.jar","2af860baa0b094e13786613e15e1804edb7a5977","",""
"spring-web","5.2.2.RELEASE","5.2.19.RELEASE","java","Apache","permissive","0","2019-12-03T08:49:14Z","spring-web-5.2.2.RELEASE.jar","webgoat-server-8.1.0.jar:BOOT-INF/lib/spring-web-5.2.2.RELEASE.jar","d9b0a8079b7d604f134e3054127a7aeba65949a5","",""
"spring-webmvc","5.2.2.RELEASE","5.2.19.RELEASE","java","Apache","permissive","0","2019-12-03T08:49:22Z","spring-webmvc-5.2.2.RELEASE.jar","webgoat-server-8.1.0.jar:BOOT-INF/lib/spring-webmvc-5.2.2.RELEASE.jar","a0e9e88a296c09850f92318872f4dee9f62c8c13","",""
"spring_framework","5.2.2.RELEASE","5.2.19.RELEASE","java","Apache","permissive","6","2019-12-03T08:48:58Z","spring-context-5.2.2.RELEASE.jar","webgoat-server-8.1.0.jar:BOOT-INF/lib/spring-context-5.2.2.RELEASE.jar","a77a18fa425eba9c55447fa0711e2dbfbf71907b","",""
"spring_framework","5.2.2.RELEASE","5.2.19.RELEASE","java","Apache","permissive","6","2019-08-12T10:29:18Z","spring-core-5.2.2.RELEASE.jar","webgoat-server-8.1.0.jar:BOOT-INF/lib/spring-core-5.2.2.RELEASE.jar","bfcf2f6d0494d89db63ae170b8491223c93a88dc","",""
"sql-injection","8.1.0","","java","unknown","Unknown","0","2020-05-23T12:21:02Z","sql-injection-8.1.0.jar","webgoat-server-8.1.0.jar:BOOT-INF/lib/sql-injection-8.1.0.jar","732042dcf7b53f3a7c85a4347acbe718f72de623","",""
"ssrf","8.1.0","1.0.1","java","Apache","permissive","0","2020-05-23T12:21:04Z","ssrf-8.1.0.jar","webgoat-server-8.1.0.jar:BOOT-INF/lib/ssrf-8.1.0.jar","f9b680d39a67171c770eef68692b626a10eb0268","",""
"stax-ex","1.8.1","2.0.1","java","EDL","permissive","0","2018-12-27T15:13:08Z","stax-ex-1.8.1.jar","webgoat-server-8.1.0.jar:BOOT-INF/lib/stax-ex-1.8.1.jar","78011e483a21102fb4858f3e8f269a677e50aa23","",""
"stringprep","1.1","2.0","java","BSD","permissive","0","2019-09-10T09:35:42Z","postgresql-42.2.8.jar","webgoat-server-8.1.0.jar:BOOT-INF/lib/postgresql-42.2.8.jar","6f394c7df5600d11b221f356ff020440d2ece44f","",""
"temple","0.7.7","0.8.2","ruby","MIT","permissive","0","2018-10-30T17:07:56Z","temple-0.7.7.gemspec","webgoat-server-8.1.0.jar:BOOT-INF/lib/asciidoctorj-1.5.8.1.jar:specifications/temple-0.7.7.gemspec","6b175e21d6e604dd6ac4f6402fb0a8ce8356c4a5","",""
"test-unit","3.1.1","3.5.3","ruby","unknown","unknown","0","2018-04-20T13:25:44Z","test-unit-3.1.1.gemspec","webgoat-server-8.1.0.jar:BOOT-INF/lib/jruby-complete-9.1.17.0.jar:META-INF/jruby.home/lib/ruby/gems/shared/specifications/default/test-unit-3.1.1.gemspec","464d2ffeded4e25ff15e1fda17d8135586c434c5","",""
"thread_safe","0.3.6","0.3.6","ruby","Apache","permissive","0","2018-10-30T17:07:56Z","thread_safe-0.3.6-java.gemspec","webgoat-server-8.1.0.jar:BOOT-INF/lib/asciidoctorj-1.5.8.1.jar:specifications/thread_safe-0.3.6-java.gemspec","58e07f149e4eaf50ea383eb46ce83770b415dc4d","",""
"thymeleaf","3.0.11.RELEASE","3.0.15.RELEASE","java","Apache","permissive","0","2018-10-28T22:35:32Z","thymeleaf-3.0.11.RELEASE.jar","webgoat-server-8.1.0.jar:BOOT-INF/lib/thymeleaf-3.0.11.RELEASE.jar","628ebb91f520053d4120b7b18bf78ff295d57461","",""
"thymeleaf-extras-java8time","3.0.4.RELEASE","3.0.4","java","Apache","permissive","0","2019-03-28T10:37:44Z","thymeleaf-extras-java8time-3.0.4.RELEASE.jar","webgoat-server-8.1.0.jar:BOOT-INF/lib/thymeleaf-extras-java8time-3.0.4.RELEASE.jar","36e7175ddce36c486fff4578b5af7bb32f54f5df","",""
"thymeleaf-extras-springsecurity5","3.0.4.RELEASE","3.0.4","java","Apache","permissive","0","2018-10-29T00:32:12Z","thymeleaf-extras-springsecurity5-3.0.4.RELEASE.jar","webgoat-server-8.1.0.jar:BOOT-INF/lib/thymeleaf-extras-springsecurity5-3.0.4.RELEASE.jar","88bb10bf73ce285208dd848e8eb17f897ebb02d4","",""
"thymeleaf-spring5","3.0.11.RELEASE","3.0.15.RELEASE","java","Apache","permissive","0","2018-10-28T22:43:36Z","thymeleaf-spring5-3.0.11.RELEASE.jar","webgoat-server-8.1.0.jar:BOOT-INF/lib/thymeleaf-spring5-3.0.11.RELEASE.jar","de7bf0adf13b5e9c4811f95edf18279da193c0c6","",""
"tilt","2.0.8","2.0.10","ruby","MIT","permissive","0","2018-10-30T17:07:56Z","tilt-2.0.8.gemspec","webgoat-server-8.1.0.jar:BOOT-INF/lib/asciidoctorj-1.5.8.1.jar:specifications/tilt-2.0.8.gemspec","4c5e67df64ba328ba6dc6b6cd52b8af148b42911","",""
"txw2","2.3.2","3.0.2","java","BSD","permissive","0","2019-01-02T15:22:22Z","txw2-2.3.2.jar","webgoat-server-8.1.0.jar:BOOT-INF/lib/txw2-2.3.2.jar","ce5be7da2e442c25ec14c766cb60cb802741727b","",""
"unbescape","1.1.6.RELEASE","1.1.6","java","Apache","permissive","0","2018-03-30T17:04:22Z","unbescape-1.1.6.RELEASE.jar","webgoat-server-8.1.0.jar:BOOT-INF/lib/unbescape-1.1.6.RELEASE.jar","7b90360afb2b860e09e8347112800d12c12b2a13","",""
"undertow-core","2.0.28.Final","2.2.16.Final","java","Apache","permissive","0","2019-11-15T05:05:58Z","undertow-core-2.0.28.Final.jar","webgoat-server-8.1.0.jar:BOOT-INF/lib/undertow-core-2.0.28.Final.jar","688f7a1096534a9fba1150a211b5cf939233f372","",""
"undertow-servlet","2.0.28.Final","2.2.16.Final","java","Apache","permissive","0","2019-11-15T05:05:58Z","undertow-servlet-2.0.28.Final.jar","webgoat-server-8.1.0.jar:BOOT-INF/lib/undertow-servlet-2.0.28.Final.jar","ceec924fc774201f010f14155e0e479248fd5e30","",""
"undertow-websockets-jsr","2.0.28.Final","2.2.16.Final","java","Apache","permissive","0","2019-11-15T05:05:58Z","undertow-websockets-jsr-2.0.28.Final.jar","webgoat-server-8.1.0.jar:BOOT-INF/lib/undertow-websockets-jsr-2.0.28.Final.jar","ec008be06442a3dc22ee279bcfffebe2cd2c824b","",""
"unsafe-fences","1.0","1.0","java","Apache","permissive","0","2012-04-07T12:49:08Z","jruby-complete-9.1.17.0.jar","webgoat-server-8.1.0.jar:BOOT-INF/lib/jruby-complete-9.1.17.0.jar","76716d529710fc03d1d429b43e3cedd4419f78d4","",""
"vulnerable-components","8.1.0","","java","unknown","Unknown","0","2020-05-23T12:21:04Z","vulnerable-components-8.1.0.jar","webgoat-server-8.1.0.jar:BOOT-INF/lib/vulnerable-components-8.1.0.jar","56195b8ad41f751124bf34c1797c274cac6b5618","",""
"webgoat-container","8.1.0","7.1","java","unknown","unknown","0","2020-05-23T12:21:02Z","webgoat-container-8.1.0.jar","webgoat-server-8.1.0.jar:BOOT-INF/lib/webgoat-container-8.1.0.jar","ae04d9d0260bf0813c1978cd1b776d974957e6e7","",""
"webgoat-introduction","8.1.0","","java","unknown","Unknown","0","2020-05-23T12:21:04Z","webgoat-introduction-8.1.0.jar","webgoat-server-8.1.0.jar:BOOT-INF/lib/webgoat-introduction-8.1.0.jar","2625e15d1eded38595f17113fa1b43e888f6c052","",""
"webgoat-lesson-template","8.1.0","","java","unknown","Unknown","0","2020-05-23T12:21:04Z","webgoat-lesson-template-8.1.0.jar","webgoat-server-8.1.0.jar:BOOT-INF/lib/webgoat-lesson-template-8.1.0.jar","a5030beaf7bc84ea946f0325f1f38a40119a40a1","",""
"webgoat-server","8.1.0","","java","unknown","Unknown","0","2019-12-06T06:18:26Z","webgoat-server-8.1.0.jar","webgoat-server-8.1.0.jar","c15093a832790aef9f499221a5a40dd3eff2cd5a","",""
"webwolf-introduction","8.1.0","","java","unknown","Unknown","0","2020-05-23T12:21:04Z","webwolf-introduction-8.1.0.jar","webgoat-server-8.1.0.jar:BOOT-INF/lib/webwolf-introduction-8.1.0.jar","3a2689419fc04d727df20111253eb25646386d97","",""
"xml-commons-resolver","1.2","1.2","java","Apache","permissive","0","2006-11-20T15:22:08Z","xml-resolver-1.2.jar","webgoat-server-8.1.0.jar:BOOT-INF/lib/xml-resolver-1.2.jar","3d0f97750b3a03e0971831566067754ba4bfd68c","",""
"xmlpull","1.1.3.1","1.1.3.1","java","Public domain","permissive","0","2003-05-19T09:44:20Z","xmlpull-1.1.3.1.jar","webgoat-server-8.1.0.jar:BOOT-INF/lib/xmlpull-1.1.3.1.jar","2b8e230d2ab644e4ecaa94db7cdedbc40c805dfa","",""
"xnio-api","3.3.8.Final","3.8.6.Final","java","Apache","permissive","0","2017-06-28T07:57:40Z","xnio-api-3.3.8.Final.jar","webgoat-server-8.1.0.jar:BOOT-INF/lib/xnio-api-3.3.8.Final.jar","7942ba8330c91a12006c912e040d25a77a58c525","",""
"xnio-nio","3.3.8.Final","3.8.6.Final","java","Apache","permissive","0","2017-06-28T07:57:40Z","xnio-nio-3.3.8.Final.jar","webgoat-server-8.1.0.jar:BOOT-INF/lib/xnio-nio-3.3.8.Final.jar","8dafaf230666e526c53e544ab6a9d6ecfcbab4ee","",""
"xpp3_min","1.1.4c","1.1.4c","java","IUELSL","permissive","0","2006-11-10T20:40:34Z","xpp3_min-1.1.4c.jar","webgoat-server-8.1.0.jar:BOOT-INF/lib/xpp3_min-1.1.4c.jar","19d4e90b43059058f6e056f794f0ea4030d60b86","",""
"xstream","1.4.5","1.4.19","java","BSD","permissive","33","2013-09-28T17:31:48Z","xstream-1.4.5.jar","webgoat-server-8.1.0.jar:BOOT-INF/lib/xstream-1.4.5.jar","61c0a127b237182fdf2ccc9cc2efbb5779a64a3b","",""
"xxe","8.1.0","","java","unknown","Unknown","0","2020-05-23T12:21:04Z","xxe-8.1.0.jar","webgoat-server-8.1.0.jar:BOOT-INF/lib/xxe-8.1.0.jar","89b386c38435f2ffc8ca5c6e01ebb24e33d3bff4","",""
"zxcvbn","1.2.5","1.5.2","java","MIT","permissive","0","2018-03-30T22:09:56Z","zxcvbn-1.2.5.jar","webgoat-server-8.1.0.jar:BOOT-INF/lib/zxcvbn-1.2.5.jar","94c072fd4f9ef24b00766d004f40071deb0564e7","",""
